{"timestamp":"2025-10-21T21:30:01.489217900","totalCredit":359.4018247066012,"totalDebit":0.0,"totalOutbound":0.0,"netBalance":359.4018247066012}